{
    "version": 4,
    "env": {
        "mtbCompilerArgs": [
            "&&CY_C_FLAGS&&"
        ],
        "mtbDefaultIncludePath": [
            &&CY_INCLUDE_LIST&&
            "&&CY_TOOL_CHAIN_DIRECTORY&&/inc/asm",
            "&&CY_TOOL_CHAIN_DIRECTORY&&/inc/c",
            "&&CY_TOOL_CHAIN_DIRECTORY&&/inc/cpp"
        ],
        "mtbDefaultDefines": [
            &&CY_DEFINE_LIST&&
            &&CY_VSCODE_CPU&&
            &&CY_VSCODE_VFP&&
            "_DLIB_CONFIG_FILE_HEADER_NAME=DLib_Config_Normal.h",
            "_DLIB_CONFIG_FILE_STRING=DLib_Config_Normal.h",
            "_MAX_ALIGNMENT=8",
            "_RSIZE_MAX=0x7fffffffU",
            "__AAPCS__=1",
            "__ARM4TM__=4",
            "__ARM5TM__=5",
            "__ARM5T__=5",
            "__ARM5__=5",
            "__ARM6M__=11",
            "__ARM6SM__=12",
            "__ARM6__=6",
            "__ARM_32BIT_STATE=1",
            "__ARM_ACLE=201",
            "__ARM_ALIGN_MAX_PWR=8",
            "__ARM_ALIGN_MAX_STACK_PWR=3",
            "__ARM_ARCH_PROFILE='M'",
            "__ARM_FP16_ARGS=1",
            "__ARM_FP16_FORMAT_IEEE=1",
            "__ARM_PCS=1",
            "__ARM_PROFILE_M__=1",
            "__ARM_SIZE_MINIMAL_ENUM=1",
            "__ARM_SIZE_WCHAR_T=4",
            "__BOOL_SIZE__=1",
            "__BOOL_TYPE__=unsigned char",
            "__CHAR_ALIGN__=1",
            "__CHAR_BITS__=8",
            "__CHAR_MAX__=0xff",
            "__CHAR_MIN__=0",
            "__CHAR_SIZE__=1",
            "__CODE_MEM0_POINTER_OK__=1",
            "__CODE_MEM0_UNIQUE_POINTER__=1",
            "__CODE_MEM0__=__code",
            "__CODE_MEMORY_LIST1__()=__CODE_MEM_HELPER1__(__code, 0)",
            "__CODE_MEMORY_LIST2__(_P1)=__CODE_MEM_HELPER2__(__code, 0, _P1)",
            "__CODE_MEMORY_LIST3__(_P1,_P2)=__CODE_MEM_HELPER3__(__code, 0, _P1, _P2)",
            "__CODE_PTR_MEMORY_LIST1__()=__CODE_PTR_MEM_HELPER1__(__code, 0)",
            "__CODE_PTR_MEMORY_LIST2__(_P1)=__CODE_PTR_MEM_HELPER2__(__code, 0, _P1)",
            "__CODE_PTR_MEMORY_LIST3__(_P1,_P2)=__CODE_PTR_MEM_HELPER3__(__code, 0, _P1, _P2)",
            "__CODE_SIZE_LIMIT=0",
            "__CPU_MODE__=1",
            "__DATA_MEM0_HEAP_SEGMENT__=HEAP",
            "__DATA_MEM0_HEAP__=0",
            "__DATA_MEM0_INDEX_TYPE__=int",
            "__DATA_MEM0_INTPTR_SIZE_PREFIX__=",
            "__DATA_MEM0_INTPTR_TYPE__=int",
            "__DATA_MEM0_MAX_SIZE__=0x7fffffffU",
            "__DATA_MEM0_PAGE_SIZE__=0",
            "__DATA_MEM0_POINTER_OK__=1",
            "__DATA_MEM0_SIZE_TYPE__=unsigned int",
            "__DATA_MEM0_UINTPTR_TYPE__=unsigned int",
            "__DATA_MEM0_UNIQUE_POINTER__=1",
            "__DATA_MEM0_VAR_OK__=1",
            "__DATA_MEM0__=__data",
            "__DATA_MEMORY_LIST1__()=__DATA_MEM_HELPER1__(__data, 0)",
            "__DATA_MEMORY_LIST2__(_P1)=__DATA_MEM_HELPER2__(__data, 0, _P1)",
            "__DATA_MEMORY_LIST3__(_P1,_P2)=__DATA_MEM_HELPER3__(__data, 0, _P1, _P2)",
            "__DATA_PTR_MEMORY_LIST1__()=__DATA_PTR_MEM_HELPER1__(__data, 0)",
            "__DATA_PTR_MEMORY_LIST2__(_P1)=__DATA_PTR_MEM_HELPER2__(__data, 0, _P1)",
            "__DATA_PTR_MEMORY_LIST3__(_P1,_P2)=__DATA_PTR_MEM_HELPER3__(__data, 0, _P1, _P2)",
            "__DEF_HEAP_MEM__=__data",
            "__DEF_PTR_MEM__=__data",
            "__DEF_PTR_SIZE__=4",
            "__DEF_STACK_MEM_INDEX__=0",
            "__DOUBLE_ALIGN__=8",
            "__DOUBLE_SIZE__=8",
            "__EDG_ABI_CHANGES_FOR_ARRAY_NEW_AND_DELETE=1",
            "__EDG_ABI_CHANGES_FOR_PLACEMENT_DELETE=1",
            "__EDG_ABI_CHANGES_FOR_RTTI=1",
            "__EDG_ABI_COMPATIBILITY_VERSION=9999",
            "__EDG_ANSIC=1",
            "__EDG_BSD=0",
            "__EDG_CPP11_IL_EXTENSIONS_SUPPORTED=1",
            "__EDG_DELTA_TYPE=int",
            "__EDG_FLOAT128_ENABLING_POSSIBLE=0",
            "__EDG_FLOAT80_ENABLING_POSSIBLE=0",
            "__EDG_IA64_ABI=1",
            "__EDG_IA64_ABI_USE_INT_STATIC_INIT_GUARD=1",
            "__EDG_IA64_ABI_USE_VARIANT_ARRAY_COOKIES=1",
            "__EDG_IA64_ABI_VARIANT_CTORS_AND_DTORS_RETURN_THIS=1",
            "__EDG_IA64_VTABLE_ENTRY_TYPE=int",
            "__EDG_LOWER_VARIABLE_LENGTH_ARRAYS=1",
            "__EDG_PTRDIFF_TYPE__=int",
            "__EDG_SIZE_TYPE__=unsigned int",
            "__EDG_SYSV=0",
            "__EDG_VIRTUAL_FUNCTION_INDEX_TYPE=unsigned short",
            "__EDG__=1",
            "__FLOAT_ALIGN__=4",
            "__FLOAT_SIZE__=4",
            "__HAS_JOINED_TYPES__=1",
            "__HAS_LOCATED_DECLARATION__=1",
            "__HAS_LOCATED_WITH_INIT__=1",
            "__HAS_PACKED__=1",
            "__HAS_WEAK__=1",
            "__HEAPD_MEMORY_LIST1__()=__HEAPD_MEM_HELPER1__(__data, 0, _)",
            "__HEAPND_MEMORY_LIST1__()=",
            "__HEAPU_MEMORY_LIST1__()=__HEAPU_MEM_HELPER1__(__data, 0)",
            "__HEAP_DEFAULT_MEM__=0",
            "__HEAP_MEM0__=0",
            "__HEAP_MEMORY_LIST1__()=__HEAP_MEM_HELPER1__(__data, 0)",
            "__HEAP_MEMORY_LIST2__(_P1)=__HEAP_MEM_HELPER2__(__data, 0, _P1)",
            "__HEAP_MEMORY_LIST3__(_P1,_P2)=__HEAP_MEM_HELPER3__(__data, 0, _P1, _P2)",
            "__HVAR_MEMORY_LIST1__()=__HVAR_MEM_HELPER1__(__data, 0)",
            "__ICCARM_INTRINSICS_VERSION__=2",
            "__ICCARM__=1",
            "__INT16_C_SUFFIX__=",
            "__INT16_SIZE_PREFIX__=h",
            "__INT16_T_MAX__=32767",
            "__INT16_T_MIN__=(-__INT16_T_MAX__-1)",
            "__INT16_T_TYPE__=signed short int",
            "__INT32_C_SUFFIX__=",
            "__INT32_SIZE_PREFIX__=",
            "__INT32_T_MAX__=2147483647",
            "__INT32_T_MIN__=(-__INT32_T_MAX__-1)",
            "__INT32_T_TYPE__=signed int",
            "__INT64_C_SUFFIX__=LL",
            "__INT64_SIZE_PREFIX__=ll",
            "__INT64_T_MAX__=9223372036854775807LL",
            "__INT64_T_MIN__=(-__INT64_T_MAX__-1)",
            "__INT64_T_TYPE__=signed long long int",
            "__INT8_C_SUFFIX__=",
            "__INT8_SIZE_PREFIX__=hh",
            "__INT8_T_MAX__=127",
            "__INT8_T_MIN__=(-__INT8_T_MAX__-1)",
            "__INT8_T_TYPE__=signed char",
            "__INTERWORKING__=1",
            "__INTMAX_C_SUFFIX__=LL",
            "__INTMAX_SIZE_PREFIX__=ll",
            "__INTMAX_T_MAX__=9223372036854775807LL",
            "__INTMAX_T_MIN__=(-__INTMAX_T_MAX__-1)",
            "__INTMAX_T_TYPE__=signed long long int",
            "__INTPTR_SIZE_PREFIX__=",
            "__INTPTR_T_MAX__=2147483647",
            "__INTPTR_T_MIN__=(-__INTPTR_T_MAX__-1)",
            "__INTPTR_T_TYPE__=signed int",
            "__INT_ALIGN__=4",
            "__INT_FAST16_SIZE_PREFIX__=",
            "__INT_FAST16_T_MAX__=2147483647",
            "__INT_FAST16_T_MIN__=(-__INT_FAST16_T_MAX__-1)",
            "__INT_FAST16_T_TYPE__=signed int",
            "__INT_FAST32_SIZE_PREFIX__=",
            "__INT_FAST32_T_MAX__=2147483647",
            "__INT_FAST32_T_MIN__=(-__INT_FAST32_T_MAX__-1)",
            "__INT_FAST32_T_TYPE__=signed int",
            "__INT_FAST64_SIZE_PREFIX__=ll",
            "__INT_FAST64_T_MAX__=9223372036854775807LL",
            "__INT_FAST64_T_MIN__=(-__INT_FAST64_T_MAX__-1)",
            "__INT_FAST64_T_TYPE__=signed long long int",
            "__INT_FAST8_SIZE_PREFIX__=",
            "__INT_FAST8_T_MAX__=2147483647",
            "__INT_FAST8_T_MIN__=(-__INT_FAST8_T_MAX__-1)",
            "__INT_FAST8_T_TYPE__=signed int",
            "__INT_LEAST16_SIZE_PREFIX__=h",
            "__INT_LEAST16_T_MAX__=32767",
            "__INT_LEAST16_T_MIN__=(-__INT_LEAST16_T_MAX__-1)",
            "__INT_LEAST16_T_TYPE__=signed short int",
            "__INT_LEAST32_SIZE_PREFIX__=",
            "__INT_LEAST32_T_MAX__=2147483647",
            "__INT_LEAST32_T_MIN__=(-__INT_LEAST32_T_MAX__-1)",
            "__INT_LEAST32_T_TYPE__=signed int",
            "__INT_LEAST64_SIZE_PREFIX__=ll",
            "__INT_LEAST64_T_MAX__=9223372036854775807LL",
            "__INT_LEAST64_T_MIN__=(-__INT_LEAST64_T_MAX__-1)",
            "__INT_LEAST64_T_TYPE__=signed long long int",
            "__INT_LEAST8_SIZE_PREFIX__=hh",
            "__INT_LEAST8_T_MAX__=127",
            "__INT_LEAST8_T_MIN__=(-__INT_LEAST8_T_MAX__-1)",
            "__INT_LEAST8_T_TYPE__=signed char",
            "__INT_SIZE__=4",
            "__JMP_BUF_ELEMENT_TYPE__=unsigned long long int",
            "__LITTLE_ENDIAN__=1",
            "__LONG_ALIGN__=4",
            "__LONG_DOUBLE_ALIGN__=8",
            "__LONG_DOUBLE_SIZE__=8",
            "__LONG_LONG_ALIGN__=8",
            "__LONG_LONG_SIZE__=8",
            "__LONG_SIZE__=4",
            "__MULTIPLE_HEAPS__=0",
            "__MULTIPLE_INHERITANCE__=1",
            "__NAN_HAS_HIGH_MANTISSA_BIT_SET__=0",
            "__PLAIN_INT_BITFIELD_IS_SIGNED__=0",
            "__PRAGMA_PACK_ON__=1",
            "__PRAGMA_REDEFINE_EXTNAME=1",
            "__PTRDIFF_T_MAX__=2147483647",
            "__PTRDIFF_T_MIN__=(-__PTRDIFF_T_MAX__-1)",
            "__PTRDIFF_T_TYPE__=signed int",
            "__SHORT_ALIGN__=2",
            "__SHORT_SIZE__=2",
            "__SIGNED_CHAR_MAX__=127",
            "__SIGNED_CHAR_MIN__=(-__SIGNED_CHAR_MAX__-1)",
            "__SIGNED_INT_MAX__=2147483647",
            "__SIGNED_INT_MIN__=(-__SIGNED_INT_MAX__-1)",
            "__SIGNED_LONG_LONG_MAX__=9223372036854775807LL",
            "__SIGNED_LONG_LONG_MIN__=(-__SIGNED_LONG_LONG_MAX__-1)",
            "__SIGNED_LONG_MAX__=2147483647L",
            "__SIGNED_LONG_MIN__=(-__SIGNED_LONG_MAX__-1)",
            "__SIGNED_SHORT_MAX__=32767",
            "__SIGNED_SHORT_MIN__=(-__SIGNED_SHORT_MAX__-1)",
            "__SIZE_T_MAX__=0xffffffffU",
            "__SIZE_T_TYPE__=unsigned int",
            "__STDC_HOSTED__=1",
            "__STDC_ISO_10646__=201103L",
            "__STDC_LIB_EXT1__=201112L",
            "__STDC_NO_THREADS__=1",
            "__STDC_NO_VLA__=1",
            "__STDC_UTF_16__=1",
            "__STDC_UTF_32__=1",
            "__STDC__=1",
            "__TOPM_DATA_MEMORY_LIST1__()=",
            "__TOPM_DATA_MEMORY_LIST2__(_P1)=",
            "__TOPM_DATA_MEMORY_LIST3__(_P1,_P2)=",
            "__TOPP_DATA_MEMORY_LIST1__()=__TOPP_DATA_MEM_HELPER1__(__data, 0)",
            "__TOPP_DATA_MEMORY_LIST2__(_P1)=__TOPP_DATA_MEM_HELPER2__(__data, 0, _P1)",
            "__TOPP_DATA_MEMORY_LIST3__(_P1,_P2)=__TOPP_DATA_MEM_HELPER3__(__data, 0, _P1, _P2)",
            "__UINT16_C_SUFFIX__=",
            "__UINT16_T_MAX__=0xffff",
            "__UINT16_T_TYPE__=unsigned short int",
            "__UINT32_C_SUFFIX__=U",
            "__UINT32_T_MAX__=0xffffffffU",
            "__UINT32_T_TYPE__=unsigned int",
            "__UINT64_C_SUFFIX__=ULL",
            "__UINT64_T_MAX__=0xffffffffffffffffULL",
            "__UINT64_T_TYPE__=unsigned long long int",
            "__UINT8_C_SUFFIX__=",
            "__UINT8_T_MAX__=0xff",
            "__UINT8_T_TYPE__=unsigned char",
            "__UINTMAX_C_SUFFIX__=ULL",
            "__UINTMAX_T_MAX__=0xffffffffffffffffULL",
            "__UINTMAX_T_TYPE__=unsigned long long int",
            "__UINTPTR_T_MAX__=0xffffffffU",
            "__UINTPTR_T_TYPE__=unsigned int",
            "__UINT_FAST16_T_MAX__=0xffffffffU",
            "__UINT_FAST16_T_TYPE__=unsigned int",
            "__UINT_FAST32_T_MAX__=0xffffffffU",
            "__UINT_FAST32_T_TYPE__=unsigned int",
            "__UINT_FAST64_T_MAX__=0xffffffffffffffffULL",
            "__UINT_FAST64_T_TYPE__=unsigned long long int",
            "__UINT_FAST8_T_MAX__=0xffffffffU",
            "__UINT_FAST8_T_TYPE__=unsigned int",
            "__UINT_LEAST16_T_MAX__=0xffff",
            "__UINT_LEAST16_T_TYPE__=unsigned short int",
            "__UINT_LEAST32_T_MAX__=0xffffffffU",
            "__UINT_LEAST32_T_TYPE__=unsigned int",
            "__UINT_LEAST64_T_MAX__=0xffffffffffffffffULL",
            "__UINT_LEAST64_T_TYPE__=unsigned long long int",
            "__UINT_LEAST8_T_MAX__=0xff",
            "__UINT_LEAST8_T_TYPE__=unsigned char",
            "__UNICODE_SOURCE_SUPPORTED__=1",
            "__UNSIGNED_CHAR_MAX__=0xff",
            "__UNSIGNED_INT_MAX__=0xffffffffU",
            "__UNSIGNED_LONG_LONG_MAX__=0xffffffffffffffffULL",
            "__UNSIGNED_LONG_MAX__=0xffffffffUL",
            "__UNSIGNED_SHORT_MAX__=0xffff",
            "__VARD_MEMORY_LIST1__()=__VARD_MEM_HELPER1__(__data, 0, _)",
            "__VAR_MEMORY_LIST1__()=__VAR_MEM_HELPER1__(__data, 0)",
            "__VAR_MEMORY_LIST2__(_P1)=__VAR_MEM_HELPER2__(__data, 0, _P1)",
            "__VAR_MEMORY_LIST3__(_P1,_P2)=__VAR_MEM_HELPER3__(__data, 0, _P1, _P2)",
            "__VTABLE_MEM__=",
            "__WCHAR_T_MAX__=0xffffffffU",
            "__WCHAR_T_SIZE__=4",
            "__WCHAR_T_TYPE__=unsigned int",
            "____FP16_ALIGN__=2",
            "____FP16_SIZE__=2",
            "__cpp_hex_float=201603",
            "__cpp_static_assert=200410",
            "__cpp_unicode_literals=200710",
            "__intrinsic=",
            "__nounwind=",
            "__VERSION__=IAR"
        ]
    },
    "configurations": [
        {
            "name": "Win32",
            "compilerPath": "&&CY_TOOL_CHAIN_DIRECTORY&&/bin/iccarm.exe",
            "compilerArgs": [
                "${mtbCompilerArgs}"
            ],
            "compileCommands": "&&CY_CDB_FILE&&",
            "intelliSenseMode": "gcc-x86",
            "cStandard": "c99",
            "cppStandard": "c++11",
            "includePath": [
                "${mtbDefaultIncludePath}"
            ],
            "browse": {
                "limitSymbolsToIncludedHeaders": true,
                "databaseFilename": ""
            },
            "defines": [
                "${mtbDefaultDefines}"
            ]
        }
    ]
}
