{
    // See https://go.microsoft.com/fwlink/?LinkId=733558
    // for the documentation about the tasks.json format
    "version": "2.0.0",
    "tasks": [
        {
            "label": "Build: Build [Debug]",
            "type": "shell",

            "windows" : {
                "command": "${config:modustoolbox.toolsPath}/&&CY_MODUS_SHELL_BASE&&/bin/bash.exe" ,
                "args": [
                    "--norc",
                    "-c",
                    "export PATH=/bin:/usr/bin:$PATH ; ${config:modustoolbox.toolsPath}/&&CY_MODUS_SHELL_BASE&&/bin/make.exe -j CONFIG=Debug build"
                ]
            },
            "linux" : {
                "command": "bash",
                "args": [
                    "--norc",
                    "-c",
                    "make -j CONFIG=Debug build"
                ]
            },
            "osx" : {
                "command": "bash",
                "args": [
                    "--norc",
                    "-c",
                    "make -j CONFIG=Debug build"
                ]
            },
            "problemMatcher": "$gcc",
            "group": {
                "kind": "build",
                "isDefault": true
            }
        },
        {
            "label": "Build: Clean and Rebuild [Debug]",
            "type": "shell",

            "windows" : {
                "command": "${config:modustoolbox.toolsPath}/&&CY_MODUS_SHELL_BASE&&/bin/bash.exe" ,
                "args": [
                    "--norc",
                    "-c",
                    "export PATH=/bin:/usr/bin:$PATH ; ${config:modustoolbox.toolsPath}/&&CY_MODUS_SHELL_BASE&&/bin/make.exe -j CONFIG=Debug clean ; ${config:modustoolbox.toolsPath}/&&CY_MODUS_SHELL_BASE&&/bin/make.exe -j CONFIG=Debug build"
                ]
            },
            "linux" : {
                "command": "bash",
                "args": [
                    "--norc",
                    "-c",
                    "make -j CONFIG=Debug clean ; make -j CONFIG=Debug build"
                ]
            },
            "osx" : {
                "command": "bash",
                "args": [
                    "--norc",
                    "-c",
                    "make -j CONFIG=Debug clean ; make -j CONFIG=Debug build"
                ]
            },
            "problemMatcher": "$gcc",
            "group": {
                "kind": "build",
                "isDefault": true
            }
        },
        {
            "label": "Build: Clean [Debug]",
            "type": "shell",

            "windows" : {
                "command": "${config:modustoolbox.toolsPath}/&&CY_MODUS_SHELL_BASE&&/bin/bash.exe" ,
                "args": [
                    "--norc",
                    "-c",
                    "export PATH=/bin:/usr/bin:$PATH ; ${config:modustoolbox.toolsPath}/&&CY_MODUS_SHELL_BASE&&/bin/make.exe -j CONFIG=Debug clean"
                ]
            },
            "linux" : {
                "command": "bash",
                "args": [
                    "--norc",
                    "-c",
                    "make -j CONFIG=Debug clean"
                ]
            },
            "osx" : {
                "command": "bash",
                "args": [
                    "--norc",
                    "-c",
                    "make -j CONFIG=Debug clean"
                ]
            },
            "problemMatcher": "$gcc",
            "group": {
                "kind": "build",
                "isDefault": true
            }
        },
        {
            "label": "Build: Build [Release]",
            "type": "shell",
            "windows" : {
                "command": "${config:modustoolbox.toolsPath}/&&CY_MODUS_SHELL_BASE&&/bin/bash.exe" ,
                "args": [
                    "--norc",
                    "-c",
                    "export PATH=/bin:/usr/bin:$PATH ; ${config:modustoolbox.toolsPath}/&&CY_MODUS_SHELL_BASE&&/bin/make.exe -j CONFIG=Release build"
                ]
            },
            "linux" : {
                "command": "bash",
                "args": [
                    "--norc",
                    "-c",
                    "make -j CONFIG=Release build"
                ]
            },
            "osx" : {
                "command": "bash",
                "args": [
                    "--norc",
                    "-c",
                    "make -j CONFIG=Release build"
                ]
            },
            "problemMatcher": "$gcc",
            "group": {
                "kind": "build",
                "isDefault": true
            }
        },
        {
            "label": "Build: Clean and Rebuild [Release]",
            "type": "shell",
            "windows" : {
                "command": "${config:modustoolbox.toolsPath}/&&CY_MODUS_SHELL_BASE&&/bin/bash.exe" ,
                "args": [
                    "--norc",
                    "-c",
                    "export PATH=/bin:/usr/bin:$PATH ; ${config:modustoolbox.toolsPath}/&&CY_MODUS_SHELL_BASE&&/bin/make.exe -j CONFIG=Release clean ; ${config:modustoolbox.toolsPath}/&&CY_MODUS_SHELL_BASE&&/bin/make.exe -j CONFIG=Release build"
                ]
            },
            "linux" : {
                "command": "bash",
                "args": [
                    "--norc",
                    "-c",
                    "make -j CONFIG=Release clean ; make -j CONFIG=Release build"
                ]
            },
            "osx" : {
                "command": "bash",
                "args": [
                    "--norc",
                    "-c",
                    "make -j CONFIG=Release clean ; make -j CONFIG=Release build"
                ]
            },
            "problemMatcher": "$gcc",
            "group": {
                "kind": "build",
                "isDefault": true
            }
        },
        {
            "label": "Build: Clean [Release]",
            "type": "shell",
            "windows" : {
                "command": "${config:modustoolbox.toolsPath}/&&CY_MODUS_SHELL_BASE&&/bin/bash.exe" ,
                "args": [
                    "--norc",
                    "-c",
                    "export PATH=/bin:/usr/bin:$PATH ; ${config:modustoolbox.toolsPath}/&&CY_MODUS_SHELL_BASE&&/bin/make.exe -j CONFIG=Release clean"
                ]
            },
            "linux" : {
                "command": "bash",
                "args": [
                    "--norc",
                    "-c",
                    "make -j CONFIG=Release clean"
                ]
            },
            "osx" : {
                "command": "bash",
                "args": [
                    "--norc",
                    "-c",
                    "make -j CONFIG=Release clean"
                ]
            },
            "problemMatcher": "$gcc",
            "group": {
                "kind": "build",
                "isDefault": true
            }
        },
        {
            "label": "Build: Build [Custom]",
            "type": "shell",

            "windows" : {
                "command": "${config:modustoolbox.toolsPath}/&&CY_MODUS_SHELL_BASE&&/bin/bash.exe" ,
                "args": [
                    "--norc",
                    "-c",
                    "export PATH=/bin:/usr/bin:$PATH ; ${config:modustoolbox.toolsPath}/&&CY_MODUS_SHELL_BASE&&/bin/make.exe -j CONFIG=Custom build"
                ]
            },
            "linux" : {
                "command": "bash",
                "args": [
                    "--norc",
                    "-c",
                    "make -j CONFIG=Custom build"
                ]
            },
            "osx" : {
                "command": "bash",
                "args": [
                    "--norc",
                    "-c",
                    "make -j CONFIG=Custom build"
                ]
            },
            "problemMatcher": "$gcc",
            "group": {
                "kind": "build",
                "isDefault": true
            }
        },
        {
            "label": "Build: Clean and Rebuild [Custom]",
            "type": "shell",

            "windows" : {
                "command": "${config:modustoolbox.toolsPath}/&&CY_MODUS_SHELL_BASE&&/bin/bash.exe" ,
                "args": [
                    "--norc",
                    "-c",
                    "export PATH=/bin:/usr/bin:$PATH ; ${config:modustoolbox.toolsPath}/&&CY_MODUS_SHELL_BASE&&/bin/make.exe -j CONFIG=Custom clean ; ${config:modustoolbox.toolsPath}/&&CY_MODUS_SHELL_BASE&&/bin/make.exe -j CONFIG=Custom build"
                ]
            },
            "linux" : {
                "command": "bash",
                "args": [
                    "--norc",
                    "-c",
                    "make -j CONFIG=Custom clean ; make -j CONFIG=Custom build"
                ]
            },
            "osx" : {
                "command": "bash",
                "args": [
                    "--norc",
                    "-c",
                    "make -j CONFIG=Custom clean ; make -j CONFIG=Custom build"
                ]
            },
            "problemMatcher": "$gcc",
            "group": {
                "kind": "build",
                "isDefault": true
            }
        },
        {
            "label": "Build: Clean [Custom]",
            "type": "shell",

            "windows" : {
                "command": "${config:modustoolbox.toolsPath}/&&CY_MODUS_SHELL_BASE&&/bin/bash.exe" ,
                "args": [
                    "--norc",
                    "-c",
                    "export PATH=/bin:/usr/bin:$PATH ; ${config:modustoolbox.toolsPath}/&&CY_MODUS_SHELL_BASE&&/bin/make.exe -j CONFIG=Custom clean"
                ]
            },
            "linux" : {
                "command": "bash",
                "args": [
                    "--norc",
                    "-c",
                    "make -j CONFIG=Custom clean"
                ]
            },
            "osx" : {
                "command": "bash",
                "args": [
                    "--norc",
                    "-c",
                    "make -j CONFIG=Custom clean"
                ]
            },
            "problemMatcher": "$gcc",
            "group": {
                "kind": "build",
                "isDefault": true
            }
        },
        {
            "label": "Tool: Library Manager",
            "type": "shell",
            "windows" : {
                "command": "${config:modustoolbox.toolsPath}/&&CY_MODUS_SHELL_BASE&&/bin/bash.exe" ,
                "args": [
                    "--norc",
                    "-c",
                    "export PATH=/bin:/usr/bin:$PATH ; ${config:modustoolbox.toolsPath}/&&CY_MODUS_SHELL_BASE&&/bin/make.exe modlibs CY_CONFIG_JOB_CONTROL="
                ]
            },
            "linux" : {
                "command": "bash",
                "args": [
                    "--norc",
                    "-c",
                    "make modlibs CY_CONFIG_JOB_CONTROL="
                ]
            },
            "osx" : {
                "command": "bash",
                "args": [
                    "--norc",
                    "-c",
                    "make modlibs CY_CONFIG_JOB_CONTROL="
                ]
            },
            "problemMatcher": "$gcc"
        }
    ]
}
